Word,POS Tag
Polri,NNP
melalui,NN
Polres,NNP
Mempawah,NNP
meluncurkan,JJ
program,NN
Makan,NNP
Bergizi,NNP
Gratis,NNP
(,(
MBG,NNP
),)
melalui,VBP
Satuan,JJ
Pelayanan,NNP
Pemenuhan,NNP
Gizi,NNP
(,(
SPPG,NNP
),)
dengan,VBZ
pendistribusian,JJ
makanan,NN
sehat,WP
kepada,VBZ
para,NN
siswa,NN
di,NN
sejumlah,NN
sekolah,NN
.,.
Peluncuran,NNP
perdana,NN
berlangsung,NN
di,NN
TK,NNP
Kemala,NNP
Bhayangkari,NNP
02,CD
Mempawah,NNP
Hilir,NNP
dan,NN
disambut,NN
antusias,VBZ
ratusan,JJ
siswa,NN
yang,NN
sejak,NN
pagi,NN
telah,NN
menunggu,NN
kedatangan,VBD
tim,JJ
MBG,NNP
.,.
Program,NNP
ini,NN
didukung,NN
operasional,JJ
dapur,NN
MBG,NNP
yang,NNP
berfungsi,VBD
sebagai,JJ
pusat,NN
penyediaan,NN
makanan,NN
bergizi,NN
bagi,NN
para,NN
pelajar,NN
di,NN
wilayah,NN
tersebut,NN
.,.
Para,NNP
siswa,VBD
mengikuti,JJ
prosedur,NN
dengan,NN
mencuci,FW
tangan,JJ
serta,NN
berdoa,NN
bersama,NN
sebelum,NN
menikmati,NN
makanan,NN
yang,NN
disediakan,NN
.,.
Program,NNP
MBG,NNP
ini,VBZ
menjadi,NN
bagian,JJ
dari,NN
komitmen,NNS
Polri,NNP
dalam,NN
mendukung,NN
pemenuhan,NN
gizi,NN
anak,NN
serta,NN
meningkatkan,NN
kualitas,NNS
kesehatan,VBP
generasi,JJ
muda,NN
.,.
Polres,VBZ
Kutai,NNP
Timur,NNP
Jln,NNP
.,.
Bhayangkara,NNP
No,NNP
1,CD
Bukit,NNP
Pelangi,NNP
Kec,NNP
.,.
Sangatta,NNP
Utara,NNP
Kab.Kutai,NNP
Timur,NNP
|,NNP
Telp,NNP
:,:
082247809110,CD
©,NN
2024,CD
Tribratakutim.com,NNP
|,NNP
All,NNP
Rights,NNP
Reserved,NNP
|,NNP
Manage,NNP
by,IN
Sobat,NNP
Digital,NNP
